,state_id,county_name
0,0,Saguache
1,1,Jackson
2,2,Freeborn
3,3,East Baton Rouge
4,4,Monroe
5,5,Teton
6,6,Kent
7,7,Reno
8,8,Lincoln
9,9,Berkshire
10,10,Clay
11,1,Tulsa
12,11,Do√±a Ana
13,12,Carteret
14,13,Spartanburg
15,12,Lee
16,14,Washington
17,9,Worcester
18,6,Eaton
19,15,James City
20,4,Milwaukee
21,16,New Haven
22,17,Columbia
23,18,Stark
24,2,Redwood
25,17,Multnomah
26,2,Pine
27,19,Santa Cruz
28,11,Colfax
29,20,Chautauqua
30,2,Douglas
31,0,Alamosa
32,21,Summit
33,22,Brookings
34,23,Coconino
35,24,Carson City
36,25,Polk
37,26,El Paso
38,8,Laramie
39,27,Fayette
40,10,Warren
41,13,Greenwood
42,2,Hennepin
43,26,Bell
44,5,Jerome
45,17,Union
46,28,Kimball
47,10,Jackson
48,29,Anderson
49,2,Ramsey
50,24,Nye
51,10,Cooper
52,30,Covington
53,31,Crawford
54,19,Ventura County
55,32,Prairie
56,20,St. Lawrence
57,31,Cook
58,31,Peoria
59,18,Dickey
60,33,Pierce
61,0,Lake
62,25,Page
63,34,Delaware
64,35,Washington
65,15,Carroll
66,36,Lee
67,20,Livingston
68,37,Mercer
69,27,Wayne
70,38,Jones
71,15,Virginia Beach
72,33,Walla Walla
73,6,Houghton
74,20,Sullivan
75,30,Marshall
76,39,York
77,18,Rolette
78,19,Sonoma
79,24,White Pine
80,25,Jefferson
81,11,Union
82,40,Cumberland
83,15,King and Queen
84,35,Cache
85,21,Darke
86,22,Tripp
87,27,Ware
88,22,Harding
89,28,Hall
90,20,Queens
91,36,Pinellas
92,41,St. Mary's
93,30,Tallapoosa
94,18,Mountrail
95,40,Aroostook
96,26,Limestone
97,36,Martin
98,22,Roberts
99,2,Otter Tail
100,26,Robertson
101,25,Sioux
102,32,Washington
103,20,Allegany
104,42,Cumberland
105,19,Riverside
106,2,Yellow Medicine
107,15,Augusta
108,2,Becker
109,11,Otero
110,24,Clark
111,3,Jefferson
112,33,Kitsap
113,23,Mohave
114,28,Burt
115,24,Washoe
116,26,Terrell
117,7,Sedgwick
118,5,Power
119,30,Walker
120,19,Santa Clara
121,15,Campbell
122,25,Wright
123,19,San Diego
124,26,Potter
125,39,Bedford
126,31,DuPage
127,25,Marshall
128,29,Carter
129,21,Greene
130,18,Towner
131,27,Ben Hill
132,7,Lyon
133,4,Door
134,33,Whatcom
135,25,Lucas
136,6,Macomb
137,25,O'Brien
138,19,Placer
139,3,Bossier
140,10,Maries
141,1,Cherokee
142,9,Plymouth
143,5,Bonneville
144,32,Pope
145,27,Jeff Davis
146,26,Cameron
147,15,Tazewell
148,2,Rock
149,33,Island
150,2,Jackson
151,2,Stearns
152,34,Dubois
153,0,Grand
154,27,Cherokee
155,43,Franklin
156,19,Los Angeles
157,36,Monroe
158,42,Monmouth
159,27,Bacon
160,9,Franklin
161,21,Fairfield
162,20,Oswego
163,37,Mineral
164,19,Kern
165,26,Denton
166,19,Tulare
167,12,Wayne
168,5,Blaine
169,18,Pierce
170,18,Emmons
171,33,Mason
172,26,Ochiltree
173,29,Sullivan
174,6,Kalamazoo
175,32,Pulaski
176,15,Greensville
177,7,Cloud
178,6,Newaygo
179,11,Torrance
180,42,Ocean
181,30,Etowah
182,6,Wayne
183,39,Indiana
184,25,Pottawattamie
185,27,Liberty
186,34,Elkhart
187,0,Montrose
188,22,Hughes
189,6,Gratiot
190,2,Olmsted
191,18,Divide
192,0,El Paso
193,10,St. Louis County
194,15,Washington
195,12,Rowan
196,19,Nevada
197,6,Presque Isle
198,27,Gwinnett
199,8,Sheridan
200,1,Garfield
201,25,Shelby
202,19,San Bernardino
203,31,St. Clair
204,19,Yuba
205,23,Maricopa
206,1,Bryan
207,11,Eddy
208,30,Baldwin
209,2,Isanti
210,18,Cavalier
211,39,Allegheny
212,1,Ellis
213,0,Otero
214,26,Orange
215,25,Story
216,12,Guilford
217,12,Brunswick
218,41,Baltimore County
219,26,Montague
220,28,Box Butte
221,26,Lampasas
222,22,Brule
223,7,Montgomery
224,38,Warren
225,26,Kaufman
226,3,Caddo
227,4,Racine
228,31,Marion
229,44,Rutland
230,36,Nassau
231,35,Box Elder
232,20,New York
233,12,Franklin
234,41,Montgomery
235,18,Morton
236,27,Lowndes
237,19,Solano
238,30,Calhoun
239,3,Natchitoches
240,6,Muskegon
241,26,Jim Wells
242,18,Barnes
243,31,Coles
244,43,Breathitt
245,37,Wood
246,31,Logan
247,43,Graves
248,15,Lee
249,12,Granville
250,7,Thomas
251,8,Fremont
252,36,Orange
253,35,Tooele
254,7,Neosho
255,34,Monroe
256,33,San Juan
257,6,Lapeer
258,3,Lafourche
259,15,Stafford
260,12,Rockingham
261,0,Lincoln
262,26,Zapata County
263,15,Smyth
264,6,Oakland
265,26,Washington
266,11,Lea
267,25,Hardin
268,36,Franklin
269,20,Jefferson
270,20,Suffolk
271,2,Hubbard
272,38,Lowndes
273,26,Titus
274,4,Douglas
275,1,Stephens
276,31,Massac
277,10,Jasper
278,13,Anderson
279,23,Cochise
280,12,Nash
281,4,Kenosha
282,23,Yuma
283,15,Fairfax County
284,22,Pennington
285,3,Sabine
286,26,McLennan
287,9,Hampden
288,19,Siskiyou
289,7,Barton
290,31,McLean
291,32,Van Buren
292,36,Sarasota
293,6,Emmet
294,42,Sussex
295,29,Madison
296,15,Henry
297,6,Iosco
298,2,Kanabec
299,2,Anoka
300,39,Clearfield
301,45,Cascade
302,26,Dallas
303,35,Grand
304,8,Carbon
305,38,Monroe
306,36,Volusia
307,25,Woodbury
308,13,Newberry
309,34,Bartholomew
310,2,Todd
311,2,Meeker
312,26,Comanche
313,31,Knox
314,27,Coweta
315,6,Monroe
316,43,Christian
317,18,Stutsman
318,6,Chippewa
319,4,Manitowoc
320,19,Modoc
321,46,Coos
322,19,Tuolumne
323,4,Winnebago
324,17,Douglas
325,19,Madera
326,11,Grant
327,26,Burleson
328,8,Park
329,25,Lee
330,4,Juneau
331,1,Muskogee
332,8,Campbell
333,26,McCulloch
334,19,Contra Costa
335,26,Williamson
336,0,Chaffee
337,2,Fillmore
338,26,Burnet
339,19,Trinity
340,13,Lancaster
341,39,Lebanon
342,12,Johnston
343,19,Mono
344,19,Tehama
345,39,Lehigh
346,21,Franklin
347,32,Garland
348,36,Broward
349,39,Jefferson
350,33,Grant
351,27,Bartow
352,42,Mercer
353,5,Madison
354,26,Midland
355,5,Kootenai
356,13,Berkeley
357,0,Summit
358,31,Will
359,2,Lake
360,23,Apache
361,2,Nobles
362,5,Elmore
363,34,Steuben
364,6,Huron
365,26,Harris
366,36,Brevard
367,15,Danville
368,28,Cass
369,17,Grant
370,36,Jackson
371,0,Gunnison
372,12,Iredell
373,26,Jefferson
374,39,Venango
375,12,Macon
376,15,Louisa
377,36,Okaloosa
378,26,Tom Green
379,26,Taylor
380,13,Colleton
381,12,Cabarrus
382,26,Moore
383,17,Coos
384,25,Floyd
385,25,Muscatine
386,2,Blue Earth
387,3,Vernon
388,5,Canyon
389,26,Guadalupe
390,11,McKinley
391,46,Strafford
392,12,Union
393,25,Buchanan
394,7,Finney
395,46,Merrimack
396,27,Chatham
397,28,Brown
398,23,Pima
399,15,Isle of Wight
400,29,Davidson
401,8,Sublette
402,11,Bernalillo
403,43,Bell
404,1,Canadian
405,25,Wapello
406,17,Lake
407,36,Collier
408,12,Onslow
409,6,Charlevoix
410,2,Swift
411,44,Caledonia
412,39,Erie
413,26,Brooks
414,21,Allen
415,21,Montgomery
416,6,Benzie
417,34,Porter
418,43,Lincoln
419,13,Barnwell
420,1,Kay
421,20,Westchester
422,38,Lee
423,5,Custer
424,4,Jefferson
425,1,Cleveland
426,34,Miami
427,19,Alameda
428,2,Carlton
429,27,Laurens
430,39,Blair
431,10,Johnson
432,2,Chippewa
433,35,Iron
434,1,Carter
435,33,Spokane
436,26,Kerr
437,36,Duval
438,13,Marion
439,1,Rogers
440,20,Orange
441,39,Philadelphia
442,16,Windham
443,17,Harney
444,26,Cherokee
445,10,Taney
446,33,Grays Harbor
447,4,Fond du Lac
448,26,Roberts
449,19,Butte
450,34,Fulton
451,26,Travis
452,25,Dubuque
453,18,Ramsey
454,1,Pittsburg
455,31,Effingham
456,6,Luce
457,22,Brown
458,36,Okeechobee
459,26,Bexar
460,1,Payne
461,3,Plaquemines
462,2,Mille Lacs
463,31,Morgan
464,13,Marlboro
465,10,Livingston
466,39,Cambria
467,36,Indian River
468,4,Rusk
469,44,Lamoille
470,27,Cobb
471,32,Drew
472,25,Boone
473,27,McDuffie
474,27,Hall
475,22,Walworth
476,26,La Salle
477,6,Grand Traverse
478,26,Nolan
479,28,Douglas
480,15,Arlington
481,27,Dougherty
482,0,Douglas
483,11,Taos
484,2,Renville
485,26,Brown
486,13,Kershaw
487,6,Delta
488,36,Marion
489,36,Escambia
490,25,Scott
491,34,Jasper
492,12,Richmond
493,44,Windsor
494,0,Boulder
495,31,Kankakee
496,1,Sequoyah
497,10,Boone
498,28,Custer
499,27,Thomas
500,6,Manistee
501,19,Napa
502,35,Beaver
503,5,Ada
504,3,Rapides
505,13,Chester
506,32,Ouachita
507,25,Buena Vista
508,28,Dawes
509,26,Hunt
510,26,Nacogdoches
511,31,Livingston
512,4,Grant
513,31,Jefferson
514,6,Antrim
515,4,Burnett
516,17,Josephine
517,19,Shasta
518,30,Winston
519,4,Rock
520,19,Marin
521,15,Montgomery
522,12,Columbus
523,25,Appanoose
524,21,Licking
525,26,Hood
526,13,Florence
527,26,Childress
528,17,Curry
529,30,Limestone
530,2,Steele
531,17,Klamath
532,31,Rock Island
533,12,Cumberland
534,41,Talbot
535,26,Coleman
536,29,Bradley
537,46,Grafton
538,34,DeKalb
539,6,Saginaw
540,1,Blaine
541,9,Dukes
542,35,Salt Lake
543,6,Midland
544,4,Oconto
545,2,Murray
546,27,Sumter
547,15,Chesapeake
548,17,Umatilla
549,39,Berks
550,19,El Dorado
551,41,Harford
552,25,Benton
553,34,Daviess
554,7,Cheyenne
555,26,Culberson
556,43,Daviess
557,9,Suffolk
558,32,Marion
559,35,Garfield
560,25,Emmet
561,26,Ellis
562,27,Baldwin
563,19,Sacramento
564,42,Essex
565,38,Pike
566,2,St. Louis
567,38,Carroll
568,9,Nantucket
569,17,Marion
570,31,Williamson
571,12,Beaufort
572,25,Montgomery
573,8,Natrona
574,45,Dawson
575,3,Madison
576,12,Harnett
577,6,Alpena
578,2,Goodhue
579,36,Polk
580,4,Jackson
581,7,Ford
582,26,Upshur
583,9,Norfolk
584,3,Allen
585,19,Del Norte
586,28,Cherry
587,5,Shoshone County
588,4,Washington
589,22,Meade
590,26,Ector
591,23,Graham
592,6,Cheboygan
593,17,Deschutes
594,47,Sussex
595,10,Butler
596,47,New Castle
597,41,Anne Arundel
598,44,Bennington
599,1,Osage
600,6,Mackinac
601,0,Fremont
602,6,Jackson
603,2,Waseca
604,26,Howard
605,36,Palm Beach
606,12,Edgecombe
607,45,Custer
608,20,Onondaga
609,5,Twin Falls
610,16,Fairfield
611,28,Valley
612,26,Llano
613,28,Lancaster
614,4,Vilas
615,18,Grand Forks
616,31,Macon
617,12,New Hanover
618,26,Johnson
619,9,Barnstable
620,40,Penobscot
621,33,Yakima
622,11,Santa Fe
623,19,Orange
624,12,Stanly
625,13,Oconee
626,2,Lake of the Woods
627,6,Branch
628,2,Watonwan
629,19,Merced
630,30,Marengo
631,2,Traverse
632,20,Dutchess
633,18,Williams
634,32,Boone
635,41,Worcester
636,12,Wake
637,12,Surry
638,0,Morgan
639,18,Golden Valley
640,21,Clinton
641,3,Ouachita
642,0,Mineral
643,20,Franklin
644,35,San Juan
645,27,Screven
646,33,Clark
647,36,Hillsborough
648,30,Barbour
649,19,Humboldt
650,1,Atoka
651,13,Dorchester
652,4,Polk
653,15,Wise
654,32,Miller
655,21,Portage
656,32,Sevier
657,32,Baxter
658,0,Weld
659,12,Ashe
660,17,Malheur
661,5,Bonner
662,31,Randolph
663,25,Winneshiek
664,26,Parker
665,43,Calloway
666,11,San Juan
667,2,Kandiyohi
668,6,Hillsdale
669,17,Lane
670,7,Saline
671,42,Atlantic
672,1,Lincoln
673,10,Platte
674,4,Sauk
675,39,Bucks
676,28,Sarpy
677,34,Starke
678,26,Gray
679,31,Winnebago
680,8,Big Horn
681,34,Boone
682,26,Lee
683,2,Beltrami
684,2,Cottonwood
685,2,Washington
686,6,Dickinson
687,29,McMinn
688,26,Gonzales
689,0,Montezuma
690,15,Loudoun
691,0,Denver
692,3,Iberia
693,16,Hartford
694,29,Dyer
695,26,Deaf Smith
696,28,Madison
697,39,Lancaster
698,27,Glynn
699,19,Ventura
700,7,Labette
701,34,Shelby
702,31,LaSalle
703,26,Rusk
704,13,Greenville
705,26,Smith
706,34,Marion
707,26,Milam
708,18,Pembina
709,28,Richardson
710,26,Hopkins
711,26,Brazos
712,28,York
713,2,Lac qui Parle
714,38,Hancock
715,15,Hanover
716,6,Lenawee
717,24,Pershing
718,25,Marion
719,6,Washtenaw
720,3,Morehouse
721,28,Red Willow
722,34,LaPorte
723,26,Grayson
724,37,Upshur
725,4,Pierce
726,21,Butler
727,36,Citrus
728,6,Marquette
729,29,Blount
730,12,Hyde
731,0,Larimer
732,2,Lyon
733,43,Pulaski
734,2,Wright
735,13,Charleston
736,31,Saline
737,26,Brewster
738,39,Montgomery
739,28,Keith
740,1,Pontotoc
741,32,Lawrence
742,6,Livingston
743,2,Crow Wing
744,27,Macon-Bibb County
745,2,McLeod
746,30,Montgomery
747,2,Wadena
748,13,Richland
749,41,Garrett
750,26,Hill
751,31,Pike
752,34,Vanderburgh
753,12,Dare
754,41,Queen Anne's
755,33,Cowlitz
756,6,Genesee
757,4,Oneida
758,26,Hidalgo
759,26,Wharton
760,6,Tuscola
761,30,Dale
762,13,Orangeburg
763,21,Defiance
764,13,Chesterfield
765,25,Des Moines
766,20,Warren
767,25,Jones
768,19,Santa Barbara
769,0,Las Animas
770,5,Lemhi
771,43,Hopkins
772,26,Winkler
773,8,Uinta
774,28,Adams
775,23,Pinal
776,31,Clay
777,12,Cherokee
778,35,Weber
779,12,Pasquotank
780,42,Morris
781,26,Bee
782,31,Kane
783,8,Crook
784,27,Union
785,13,Georgetown
786,34,Lake
787,9,Bristol
788,36,Gadsden
789,2,Koochiching
790,25,Webster
791,15,Bath
792,7,Morton
793,6,Alger
794,25,Cerro Gordo
795,8,Converse
796,17,Yamhill
797,9,Middlesex
798,37,Grant
799,25,Audubon
800,38,Jackson
801,43,Jefferson
802,13,Horry
803,26,Andrews
804,26,Gregg
805,28,Washington
806,33,King
807,30,Conecuh
808,4,Sheboygan
809,0,Prowers
810,31,Christian
811,5,Valley
812,7,Shawnee
813,0,Yuma
814,12,Craven
815,36,Miami-Dade
816,4,Barron
817,15,Henrico
818,6,Berrien
819,1,Custer
820,3,Webster
821,2,Pipestone
822,41,Prince George's
823,41,Dorchester
824,1,Haskell
825,25,Poweshiek
826,15,Accomack
827,43,Laurel
828,6,Calhoun
829,34,Tippecanoe
830,42,Somerset
831,12,Forsyth
832,10,Pulaski
833,34,St. Joseph
834,8,Teton
835,7,Harvey
836,30,Madison
837,0,Garfield
838,42,Union
839,39,McKean
840,39,Lawrence
841,0,Elbert
842,26,Hartley
843,31,Jackson
844,7,Johnson
845,26,Nueces
846,19,San Luis Obispo
847,34,Cass
848,13,Beaufort
849,21,Cuyahoga
850,45,Silver Bow
851,10,Marion
852,13,Sumter
853,23,Navajo
854,27,Bulloch
855,27,Emanuel
856,18,Walsh
857,0,Jackson
858,12,Davidson
859,29,Obion
860,5,Idaho
861,28,Buffalo
862,6,Roscommon
863,28,Scotts Bluff
864,45,Valley
865,21,Lorain
866,13,Clarendon
867,10,Scott
868,43,Montgomery
869,11,Los Alamos
870,8,Hot Springs
871,3,St. Tammany
872,39,Butler
873,19,San Mateo
874,23,Yavapai
875,33,Snohomish
876,2,Itasca
877,1,Oklahoma
878,7,Sherman
879,31,DeKalb
880,13,Darlington
881,6,Menominee
882,13,Pickens
883,27,Barrow
884,0,Pitkin
885,22,Lake
886,33,Douglas
887,6,St. Joseph
888,31,Edgar
889,6,Clinton
890,0,Routt
891,26,Navarro
892,43,McCracken
893,12,Bladen
894,11,Quay
895,44,Chittenden
896,37,Mason
897,34,Grant
898,40,Knox
899,25,Johnson
900,1,Texas
901,4,Waukesha
902,34,Howard
903,37,Wayne
904,21,Marion
905,2,Pope
906,36,St. Lucie
907,26,Webb
908,30,Butler
909,8,Albany
910,37,Kanawha
911,4,Chippewa
912,30,Tuscaloosa
913,36,Bay
914,20,Erie
915,27,Greene
916,18,Sargent
917,1,Le Flore
918,20,Cortland
919,41,Wicomico
920,30,Mobile
921,12,Lincoln
922,1,Okmulgee
923,26,Houston
924,29,Hamilton
925,39,Dauphin
926,26,Hamilton
927,46,Hillsborough
928,39,Washington
929,12,Rutherford
930,31,Lake
931,16,Middlesex
932,25,Dallas
933,25,Hamilton
934,8,Sweetwater
935,38,Alcorn
936,31,Montgomery
937,23,Gila
938,1,Kiowa
939,26,Hutchinson
940,15,Spotsylvania
941,18,McLean
942,38,Forrest
943,20,Schenectady
944,28,Otoe
945,25,Plymouth
946,19,Imperial
947,7,Cowley
948,26,Val Verde
949,12,Hertford
950,26,Lamar
951,15,Frederick
952,1,Pottawatomie
953,20,Oneida
954,27,Muscogee
955,4,Walworth
956,34,Vigo
957,19,San Joaquin
958,33,Clallam
959,26,Medina
960,12,Randolph
961,27,Dodge
962,3,Jefferson Davis
963,1,Comanche
964,11,Sierra
965,27,Decatur
966,46,Cheshire
967,1,Grady
968,39,Lycoming
969,24,Humboldt
970,33,Franklin
971,19,Stanislaus
972,4,Taylor
973,26,Harrison
974,7,Geary
975,27,Floyd
976,0,Mesa
977,19,Monterey
978,1,Washita
979,18,Adams
980,25,Fremont
981,32,Jefferson
982,29,Franklin
983,4,Shawano
984,8,Weston
985,26,Jim Hogg
986,12,Person
987,31,Adams
988,12,Alamance
989,27,Houston
990,26,Fayette
991,10,Adair
992,15,Albemarle
993,6,Isabella
994,20,Cattaraugus
995,17,Clatsop
996,12,Scotland
997,2,Martin
998,25,Union
999,39,Crawford
1000,30,Dale County
1001,15,Pulaski
1002,3,Terrebonne
1003,39,Beaver
1004,12,Anson
1005,42,Burlington
1006,12,Wilkes
1007,21,Wood
1008,26,Wilbarger
1009,20,Clinton
1010,20,Broome
1011,45,Beaverhead
1012,26,Edwards
1013,26,Lubbock
1014,45,Roosevelt
1015,4,La Crosse
1016,22,Minnehaha
1017,18,Ward
1018,26,Tarrant
1019,36,Taylor
1020,29,Cumberland
1021,34,Kosciusko
1022,46,Rockingham
1023,28,Boone
1024,42,Bergen
1025,8,Washakie
1026,33,Klickitat
1027,28,Cheyenne
1028,4,Price
1029,26,Henderson
1030,33,Thurston
1031,38,Lauderdale
1032,19,Mendocino
1033,2,Kittson
1034,39,Westmoreland
1035,27,Chattahoochee
1036,26,Cooke
1037,36,Osceola
1038,2,Polk
1039,36,Clay
1040,2,Stevens
1041,45,Glacier
1042,26,Anderson
1043,6,Ingham
1044,45,Hill
1045,22,Beadle
1046,4,Ashland
1047,12,Moore
1048,21,Delaware
1049,26,Rockwall
1050,36,Santa Rosa
1051,40,Hancock
1052,12,Chowan
1053,25,Linn
1054,23,Santa Cruz
1055,3,Tangipahoa
1056,28,Lincoln
1057,29,Shelby
1058,38,Washington
1059,27,Carroll
1060,18,Foster
1061,39,Monroe
1062,33,Skagit
1063,0,Archuleta
1064,22,Oglala Lakota
1065,27,Clayton
1066,0,San Miguel
1067,40,Kennebec
1068,4,St. Croix
1069,45,Fallon
1070,27,Richmond
1071,28,Platte
1072,12,Lenoir
1073,21,Logan
1074,25,Carroll
1075,2,Brown
1076,6,Otsego
1077,28,Phelps
1078,32,Sebastian
1079,30,Jackson
1080,36,Dixie
1081,44,Washington
1082,28,Chase
1083,3,Orleans
1084,42,Cape May
1085,30,Jefferson
1086,29,Coffee
1087,15,Page
1088,27,Clarke
1089,38,DeSoto
1090,21,Ottawa
1091,15,Newport News
1092,41,Baltimore City
1093,31,Alexander
1094,21,Athens
1095,12,Robeson
1096,26,Galveston
1097,45,Richland
1098,19,Yolo
1099,32,Polk
1100,44,Franklin
1101,45,Garfield
1102,32,Independence
1103,15,Dinwiddie
1104,30,DeKalb
1105,25,Henry
1106,1,Woodward
1107,12,Sampson
1108,0,Baca
1109,31,Richland
1110,26,Wise
1111,10,St. Francois
1112,11,Luna
1113,28,Saunders
1114,6,Schoolcraft
1115,26,Brazoria
1116,4,Waupaca
1117,10,Howell
1118,43,Barren
1119,15,Manassas
1120,21,Richland
1121,9,Essex
1122,2,Clay
1123,26,Pecos
1124,0,Park
1125,31,McDonough
1126,4,Outagamie
1127,22,Lawrence
1128,6,Shiawassee
1129,28,Gage
1130,28,Thomas
1131,10,Pettis
1132,18,Cass
1133,4,Wood
1134,15,Culpeper
1135,43,Warren
1136,25,Fayette
1137,4,Crawford
1138,28,Wayne
1139,10,Henry
1140,7,Crawford
1141,0,Phillips
1142,15,Fauquier
1143,24,Churchill
1144,21,Knox
1145,7,Seward
1146,41,Carroll
1147,19,Fresno
1148,4,Dodge
1149,20,Tompkins
1150,37,Harrison
1151,21,Hamilton
1152,34,Madison
1153,3,Calcasieu
1154,0,Adams
1155,27,DeKalb
1156,39,Snyder
1157,22,Codington
1158,38,Adams
1159,31,Champaign
1160,32,Jackson
1161,31,White
1162,1,Delaware
1163,31,Sangamon
1164,38,Bolivar
1165,19,Inyo
1166,39,Centre
1167,0,Kit Carson
1168,32,Clay
1169,4,Dunn
1170,17,Jackson
1171,27,Crisp
1172,4,Langlade
1173,46,Belknap
1174,43,Hardin
1175,26,Erath
1176,18,Richland
1177,0,Rio Blanco
1178,15,Orange
1179,22,Custer
1180,27,Whitfield
1181,38,Lafayette
1182,15,Roanoke City
1183,27,Early
1184,34,Hancock
1185,11,Roosevelt County
1186,32,Benton
1187,13,Williamsburg
1188,13,Aiken
1189,13,Laurens
1190,10,Barry
1191,10,St. Charles
1192,32,Montgomery
1193,3,Washington
1194,30,Shelby
1195,15,Norfolk
1196,33,Okanogan
1197,0,Pueblo
1198,26,Caldwell
1199,26,Wichita
1200,2,Cook
1201,21,Fulton
1202,6,Gogebic
1203,25,Crawford
1204,45,Yellowstone
1205,20,Monroe
1206,1,McCurtain
1207,15,Essex
1208,38,Coahoma
1209,39,Chester
1210,27,Fulton
1211,25,Cass
1212,41,Washington
1213,36,Columbia
1214,28,Hamilton
1215,26,Gaines
1216,4,Sawyer
1217,25,Clay
1218,35,Carbon
1219,40,Lincoln
1220,38,Tunica
1221,43,Boone
1222,18,Burleigh
1223,36,Walton
1224,31,Vermilion
1225,2,Cass
1226,29,Rutherford
1227,2,Aitkin
1228,26,Hemphill
1229,36,Seminole
1230,44,Orleans
1231,2,Mower
1232,2,Winona
1233,31,Whiteside
1234,40,Piscataquis
1235,7,Ellis
1236,27,Paulding
1237,8,Johnson
1238,20,Yates
1239,15,Chesterfield
1240,12,Halifax
1241,19,San Benito
1242,26,Walker
1243,2,Chisago
1244,37,Berkeley
1245,25,Cherokee
1246,6,Allegan
1247,45,Park
1248,26,Collin
1249,47,Kent
1250,6,Mason
1251,11,Cibola
1252,26,Reeves
1253,32,Mississippi
1254,4,Green
1255,28,Holt
1256,10,Miller
1257,33,Whitman
1258,11,Chaves
1259,4,Lincoln
1260,29,Montgomery
1261,29,Maury
1262,38,Harrison
1263,1,Choctaw
1264,40,York
1265,36,Alachua
1266,18,Wells
1267,5,Cassia
1268,11,Curry
1269,30,Lee
1270,11,Socorro
1271,31,Lawrence
1272,29,White
1273,15,Cumberland
1274,2,Dakota
1275,0,Eagle
1276,14,Newport
1277,3,Vermilion
1278,36,Leon
1279,26,Presidio
1280,0,Jefferson
1281,17,Benton
1282,43,Crittenden
1283,1,Logan
1284,41,Frederick
1285,4,Waushara
1286,18,Mercer
1287,32,White
1288,34,Allen
1289,36,Lake
1290,26,Uvalde
1291,11,San Miguel
1292,26,Atascosa
1293,27,Tift
1294,31,Ogle
1295,12,Duplin
1296,15,Suffolk
1297,4,Marathon
1298,16,New London
1299,1,Tillman
1300,26,Crockett
1301,26,Matagorda
1302,3,Pointe Coupee
1303,0,Delta
1304,17,Lincoln
1305,4,Vernon
1306,40,Androscoggin
1307,10,Stone
1308,36,Manatee
1309,14,Kent
1310,6,Van Buren
1311,12,Cleveland
1312,40,Oxford
1313,4,Iowa
1314,27,Coffee
1315,6,Mecosta
1316,21,Wayne
1317,35,Davis
1318,13,Fairfield
1319,31,Carroll
1320,27,Colquitt
1321,0,Garfield County
1322,15,Mecklenburg
1323,12,Gaston
1324,43,Fayette
1325,2,Grant
1326,11,Lincoln
1327,45,Gallatin
1328,31,Wayne
1329,36,Charlotte
1330,43,Henderson
1331,37,Greenbrier
1332,13,York
1333,12,Burke
1334,26,Waller
1335,19,Kings
1336,26,Stephens
1337,14,Providence
1338,26,Coryell
1339,37,Monongalia
1340,21,Hancock
1341,17,Washington
1342,5,Boundary
1343,0,Washington
1344,6,Ionia
1345,31,Grundy
1346,21,Ashtabula
1347,15,Hampton
1348,1,Woods
1349,7,Barber
1350,12,Pitt
1351,12,Currituck
1352,38,Rankin
1353,7,Douglas
1354,21,Union
1355,3,Beauregard
1356,12,Watauga
1357,17,Baker
1358,28,Thayer
1359,10,Greene
1360,15,Sussex
1361,31,Stephenson
1362,27,Taylor
1363,6,Crawford
1364,1,Garvin
1365,12,Buncombe
1366,37,Wyoming
1367,21,Tuscarawas
1368,24,Eureka
1369,26,Angelina
1370,4,Dane
1371,26,Jasper
1372,0,Arapahoe
1373,25,Jasper
1374,25,Decatur
1375,22,Davison
1376,27,Spalding
1377,28,Dodge
1378,43,Harlan
1379,33,Lewis
1380,3,Lafayette
1381,39,Luzerne
1382,21,Clark
1383,35,Utah
1384,0,La Plata
1385,30,Colbert
1386,26,Calhoun
1387,44,Addison
1388,20,Albany
1389,12,Mecklenburg
1390,25,Mahaska
1391,7,Riley
1392,7,Russell
1393,25,Washington
1394,26,Kleberg
1395,31,Marshall
1396,25,Clinton
1397,5,Nez Perce
1398,36,St. Johns
1399,45,Flathead
1400,2,Sherburne
1401,2,Dodge
1402,21,Clermont
1403,22,Yankton
1404,38,Hinds
1405,23,Cochise County
1406,3,Lincoln
1407,26,Liberty
1408,25,Hancock
1409,39,Delaware
1410,32,Crittenden
1411,6,Wexford
1412,26,Victoria County
1413,32,Craighead
1414,45,Fergus
1415,4,Portage
1416,37,Randolph
1417,21,Trumbull
1418,26,Fort Bend
1419,27,Stephens
1420,25,Clarke
1421,12,Catawba
1422,45,Missoula
1423,27,Troup
1424,3,St. Landry
1425,36,Hernando
1426,6,St. Clair
1427,27,Evans
1428,31,Madison
1429,13,Lexington
1430,24,Elko
1431,26,Kimble
1432,30,Pike
1433,36,Pasco
1434,7,Graham
1435,38,Oktibbeha
1436,37,Raleigh
1437,27,Upson
1438,22,Haakon
1439,26,Montgomery
1440,25,Black Hawk
1441,2,Morrison
1442,37,Ohio
1443,21,Lucas
1444,43,Wayne
1445,0,Moffat
1446,25,Kossuth
1447,26,Wood
1448,21,Muskingum
1449,10,Buchanan
1450,20,Niagara
1451,45,Lewis and Clark
1452,28,Dawson
1453,4,Brown
1454,32,Union
1455,27,Toombs
1456,10,Callaway
1457,0,Logan
1458,35,Uintah
1459,20,Chemung
1460,8,Goshen
1461,33,Kittitas
1462,3,St. Mary
1463,7,Pratt
1464,26,Hale
1465,26,Aransas
1466,2,Roseau
1467,26,Young
1468,18,McKenzie
1469,18,Griggs
1470,17,Tillamook
1471,26,Sutton
1472,2,Big Stone
1473,1,Seminole
1474,2,Pennington
1475,26,Gillespie
1476,6,Keweenaw
1477,26,Scurry
1478,36,Holmes
1479,11,Valencia
1480,2,Rice
1481,27,Clinch
1482,24,Lander
1483,5,Clark
1484,37,Braxton
1485,5,Oneida
1486,17,Hood River
1487,11,Roosevelt
1488,32,Clark
1489,45,Wheatland
1490,27,Newton
1491,45,Sanders
1492,3,Cameron
1493,22,Perkins
1494,3,Ascension
1495,12,Chatham
1496,45,Rosebud
1497,35,Wasatch
1498,43,Madison
1499,7,Bourbon
1500,26,San Patricio
1501,45,Granite
1502,39,Adams
1503,27,Elbert
1504,0,Boulder County
1505,18,Bowman
1506,26,Red River
1507,27,Jackson
1508,12,Orange
1509,27,Wilkes
1510,45,Ravalli
1511,22,Butte
1512,8,Platte
1513,11,Sandoval
1514,5,Caribou
1515,26,Dimmit County
1516,27,Washington
1517,30,Lawrence
1518,33,Stevens
1519,7,Coffey
1520,11,Hidalgo
1521,30,Cullman
1522,0,Costilla
1523,24,Lincoln
1524,33,Benton
1525,41,Caroline
1526,35,Wayne
1527,38,Tishomingo
1528,43,Martin
1529,38,Lincoln
1530,35,Emery
1531,35,Millard
1532,36,Flagler
1533,36,Sumter
1534,11,Rio Arriba
1535,10,Camden
